Workbook
Name Slicer_Age_Category: #N/A
Name Slicer_Cost_Bracket: #N/A
Name Slicer_EncounterType: #N/A
Name Slicer_Provider_Speciality: #N/A

Sheet PatientsMaster
A1: PatientID | B1: FullName | C1: DateOfBirth | D1: Gender | E1: BloodType | F1: Age | G1: Age category
A2: PAT-1001 | B2: Robert Singh | C2: 2008-03-02 | D2: Female | E2: A+ | F2: =DATEDIF(C2,TODAY(),"Y") -> 18 | G2: =IF(F2<=18,"Pediatric",IF(F2>18,"Young Adult",IF(F2>40,"Middle Adult",IF(F2>65,"Senior")))) -> Pediatric
A3: PAT-1002 | B3: John Johnson | C3: 2004-01-26 | D3: Male | E3: A+ | F3: =DATEDIF(C3,TODAY(),"Y") -> 22 | G3: =IF(F3<=18,"Pediatric",IF(F3>18,"Young Adult",IF(F3>40,"Middle Adult",IF(F3>65,"Senior")))) -> Young Adult
A4: PAT-1003 | B4: James Smith | C4: 1941-01-05 | D4: Non-binary | E4: B- | F4: =DATEDIF(C4,TODAY(),"Y") -> 85 | G4: =IF(F4<=18,"Pediatric",IF(F4>18,"Young Adult",IF(F4>40,"Middle Adult",IF(F4>65,"Senior")))) -> Young Adult
A5: PAT-1004 | B5: Priya Smith | C5: 1977-08-07 | D5: Female | E5: AB- | F5: =DATEDIF(C5,TODAY(),"Y") -> 49 | G5: =IF(F5<=18,"Pediatric",IF(F5>18,"Young Adult",IF(F5>40,"Middle Adult",IF(F5>65,"Senior")))) -> Young Adult
A6: PAT-1005 | B6: Mary Jones | C6: 1990-07-15 | D6: Female | E6: A- | F6: =DATEDIF(C6,TODAY(),"Y") -> 36 | G6: =IF(F6<=18,"Pediatric",IF(F6>18,"Young Adult",IF(F6>40,"Middle Adult",IF(F6>65,"Senior")))) -> Young Adult
A7: PAT-1006 | B7: Robert Patel | C7: 2007-05-18 | D7: Non-binary | E7: AB+ | F7: =DATEDIF(C7,TODAY(),"Y") -> 19 | G7: =IF(F7<=18,"Pediatric",IF(F7>18,"Young Adult",IF(F7>40,"Middle Adult",IF(F7>65,"Senior")))) -> Young Adult
A8: PAT-1007 | B8: John Johnson | C8: 1941-03-04 | D8: Female | E8: A- | F8: =DATEDIF(C8,TODAY(),"Y") -> 85 | G8: =IF(F8<=18,"Pediatric",IF(F8>18,"Young Adult",IF(F8>40,"Middle Adult",IF(F8>65,"Senior")))) -> Young Adult
A9: PAT-1008 | B9: Aarav Williams | C9: 1940-07-17 | D9: Non-binary | E9: B- | F9: =DATEDIF(C9,TODAY(),"Y") -> 86 | G9: =IF(F9<=18,"Pediatric",IF(F9>18,"Young Adult",IF(F9>40,"Middle Adult",IF(F9>65,"Senior")))) -> Young Adult
A10: PAT-1009 | B10: Michael Patel | C10: 1945-07-28 | D10: Non-binary | E10: A- | F10: =DATEDIF(C10,TODAY(),"Y") -> 81 | G10: =IF(F10<=18,"Pediatric",IF(F10>18,"Young Adult",IF(F10>40,"Middle Adult",IF(F10>65,"Senior")))) -> Young Adult
A11: PAT-1010 | B11: John Johnson | C11: 1948-08-03 | D11: Non-binary | E11: B- | F11: =DATEDIF(C11,TODAY(),"Y") -> 78 | G11: =IF(F11<=18,"Pediatric",IF(F11>18,"Young Adult",IF(F11>40,"Middle Adult",IF(F11>65,"Senior")))) -> Young Adult
A12: PAT-1011 | B12: John Brown | C12: 1951-02-28 | D12: Non-binary | E12: A+ | F12: =DATEDIF(C12,TODAY(),"Y") -> 75 | G12: =IF(F12<=18,"Pediatric",IF(F12>18,"Young Adult",IF(F12>40,"Middle Adult",IF(F12>65,"Senior")))) -> Young Adult
A13: PAT-1012 | B13: Michael Williams | C13: 1956-01-21 | D13: Male | E13: B+ | F13: =DATEDIF(C13,TODAY(),"Y") -> 70 | G13: =IF(F13<=18,"Pediatric",IF(F13>18,"Young Adult",IF(F13>40,"Middle Adult",IF(F13>65,"Senior")))) -> Young Adult
... A501: PAT-1500 | B501: Michael Singh | C501: 1966-07-07 | D501: Male | E501: AB+ | F501: =DATEDIF(C501,TODAY(),"Y") -> 60 | G501: =IF(F501<=18,"Pediatric",IF(F501>18,"Young Adult",IF(F501>40,"Middle Adult",IF(F501>65,"Senior")))) -> Young Adult

Sheet PatientContacts
A1: ContactID | B1: PatientID | C1: Address | D1: Phone | E1: Email
A2: CON-1 | B2: PAT-1001 | C2: 8704 Main St | D2: 555-313-7801 | E2: patient.1001@example.com
A3: CON-2 | B3: PAT-1002 | C3: 7665 Main St | D3: 555-240-5728 | E3: patient.1002@example.com
A4: CON-3 | B4: PAT-1003 | C4: 3944 Main St | D4: 555-918-5828 | E4: patient.1003@example.com
A5: CON-4 | B5: PAT-1004 | C5: 7113 Main St | D5: 555-499-6978 | E5: patient.1004@example.com
A6: CON-5 | B6: PAT-1005 | C6: 9068 Main St | D6: 555-677-1838 | E6: patient.1005@example.com
A7: CON-6 | B7: PAT-1006 | C7: 8452 Main St | D7: 555-168-2710 | E7: patient.1006@example.com
A8: CON-7 | B8: PAT-1007 | C8: 4654 Main St | D8: 555-429-1686 | E8: patient.1007@example.com
A9: CON-8 | B9: PAT-1008 | C9: 9782 Main St | D9: 555-647-7714 | E9: patient.1008@example.com
A10: CON-9 | B10: PAT-1009 | C10: 5166 Main St | D10: 555-106-8574 | E10: patient.1009@example.com
A11: CON-10 | B11: PAT-1010 | C11: 4128 Main St | D11: 555-438-2284 | E11: patient.1010@example.com
A12: CON-11 | B12: PAT-1011 | C12: 2527 Main St | D12: 555-866-3960 | E12: patient.1011@example.com
... A501: CON-500 | B501: PAT-1500 | C501: 7196 Main St | D501: 555-676-5457 | E501: patient.1500@example.com

Sheet EncountersLog
A1: EncounterID | B1: PatientID | C1: ProviderID | D1: FacilityID | E1: EncounterDate | F1: EncounterType
A2: ENC-1 | B2: PAT-1001 | C2: PROV-128 | D2: HOS-01 | E2: 2022-10-09 | F2: Telehealth
A3: ENC-2 | B3: PAT-1001 | C3: PROV-103 | D3: CLI-01 | E3: 2025-02-26 | F3: Office Visit
A4: ENC-3 | B4: PAT-1002 | C4: PROV-104 | D4: CLI-01 | E4: 2023-08-28 | F4: Office Visit
A5: ENC-4 | B5: PAT-1002 | C5: PROV-113 | D5: HOS-01 | E5: 2026-02-17 | F5: Emergency
A6: ENC-5 | B6: PAT-1002 | C6: PROV-109 | D6: HOS-01 | E6: 2022-12-08 | F6: Hospital Admission
A7: ENC-6 | B7: PAT-1003 | C7: PROV-124 | D7: CLI-01 | E7: 2024-03-23 | F7: Emergency
A8: ENC-7 | B8: PAT-1003 | C8: PROV-126 | D8: CLI-01 | E8: 2023-06-09 | F8: Emergency
A9: ENC-8 | B9: PAT-1003 | C9: PROV-126 | D9: CLI-01 | E9: 2022-01-01 | F9: Office Visit
A10: ENC-9 | B10: PAT-1003 | C10: PROV-113 | D10: HOS-01 | E10: 2023-03-07 | F10: Office Visit
A11: ENC-10 | B11: PAT-1003 | C11: PROV-122 | D11: CLI-01 | E11: 2023-05-19 | F11: Emergency
A12: ENC-11 | B12: PAT-1003 | C12: PROV-113 | D12: HOS-01 | E12: 2024-09-07 | F12: Telehealth
... A2767: ENC-2766 | B2767: PAT-1500 | C2767: PROV-123 | D2767: CLI-01 | E2767: 2026-01-04 | F2767: Emergency

Sheet Diagnoses
A1: DiagnosisID | B1: EncounterID | C1: ICD10_Code | D1: DiagnosisDescription
A2: DIAG-1 | B2: ENC-1 | C2: K21.9 | D2: Gastro-esophageal reflux disease without esophagitis
A3: DIAG-2 | B3: ENC-2 | C3: I10 | D3: Essential (primary) hypertension
A4: DIAG-3 | B4: ENC-3 | C4: K21.9 | D4: Gastro-esophageal reflux disease without esophagitis
A5: DIAG-4 | B5: ENC-4 | C5: M54.5 | D5: Low back pain
A6: DIAG-5 | B6: ENC-5 | C6: E11.9 | D6: Type 2 diabetes mellitus without complications
A7: DIAG-6 | B7: ENC-6 | C7: E11.9 | D7: Type 2 diabetes mellitus without complications
A8: DIAG-7 | B8: ENC-7 | C8: K21.9 | D8: Gastro-esophageal reflux disease without esophagitis
A9: DIAG-8 | B9: ENC-8 | C9: J06.9 | D9: Acute upper respiratory infection, unspecified
A10: DIAG-9 | B10: ENC-9 | C10: K21.9 | D10: Gastro-esophageal reflux disease without esophagitis
A11: DIAG-10 | B11: ENC-10 | C11: J06.9 | D11: Acute upper respiratory infection, unspecified
A12: DIAG-11 | B12: ENC-11 | C12: J06.9 | D12: Acute upper respiratory infection, unspecified
... A2767: DIAG-2766 | B2767: ENC-2766 | C2767: E11.9 | D2767: Type 2 diabetes mellitus without complications

Sheet Procedures
A1: ProcedureID | B1: EncounterID | C1: CPT_Code | D1: ProcedureDescription
A2: PROC-1 | B2: ENC-1 | C2: 80053 | D2: Comprehensive metabolic panel
A3: PROC-2 | B3: ENC-2 | C3: 99213 | D3: Office visit, established patient, 15 min
A4: PROC-3 | B4: ENC-3 | C4: 99213 | D4: Office visit, established patient, 15 min
A5: PROC-4 | B5: ENC-4 | C5: 85025 | D5: Complete blood count (CBC)
A6: PROC-5 | B6: ENC-5 | C6: 99203 | D6: Office visit, new patient, 30 min
A7: PROC-6 | B7: ENC-6 | C7: 99203 | D7: Office visit, new patient, 30 min
A8: PROC-7 | B8: ENC-7 | C8: 85025 | D8: Complete blood count (CBC)
A9: PROC-8 | B9: ENC-8 | C9: 85025 | D9: Complete blood count (CBC)
A10: PROC-9 | B10: ENC-9 | C10: 85025 | D10: Complete blood count (CBC)
A11: PROC-10 | B11: ENC-10 | C11: 85025 | D11: Complete blood count (CBC)
A12: PROC-11 | B12: ENC-11 | C12: 80053 | D12: Comprehensive metabolic panel
... A2767: PROC-2766 | B2767: ENC-2766 | C2767: 85025 | D2767: Complete blood count (CBC)

Sheet VitalsLog
A1: VitalsID | B1: EncounterID | C1: SystolicBP | D1: DiastolicBP | E1: HeartRate | F1: Temperature_F
A2: VIT-1 | B2: ENC-1 | C2: 134 | D2: 88 | E2: 66 | F2: 98.7
A3: VIT-2 | B3: ENC-2 | C3: 139 | D3: 90 | E3: 92 | F3: 98.7
A4: VIT-3 | B4: ENC-3 | C4: 123 | D4: 86 | E4: 71 | F4: 98.5
A5: VIT-4 | B5: ENC-4 | C5: 124 | D5: 88 | E5: 80 | F5: 97.6
A6: VIT-5 | B6: ENC-5 | C6: 135 | D6: 76 | E6: 87 | F6: 99.4
A7: VIT-6 | B7: ENC-6 | C7: 137 | D7: 81 | E7: 60 | F7: 98.1
A8: VIT-7 | B8: ENC-7 | C8: 111 | D8: 70 | E8: 67 | F8: 98.8
A9: VIT-8 | B9: ENC-8 | C9: 118 | D9: 70 | E9: 70 | F9: 99
A10: VIT-9 | B10: ENC-9 | C10: 132 | D10: 83 | E10: 60 | F10: 97.8
A11: VIT-10 | B11: ENC-10 | C11: 130 | D11: 74 | E11: 62 | F11: 98.1
A12: VIT-11 | B12: ENC-11 | C12: 110 | D12: 89 | E12: 99 | F12: 97.7
A13: VIT-12 | B13: ENC-12 | C13: 139 | D13: 85 | E13: 95 | F13: 97.7
... A2767: VIT-2766 | B2767: ENC-2766 | C2767: 124 | D2767: 87 | E2767: 93 | F2767: 99.4

Sheet Charges
A1: ChargeID | B1: EncounterID | C1: CPT_Code | D1: ChargeAmount
A2: CHG-1 | B2: ENC-1 | C2: 80053 | D2: 83.03
A3: CHG-2 | B3: ENC-2 | C3: 99213 | D3: 261.51
A4: CHG-3 | B4: ENC-3 | C4: 99213 | D4: 361.28
A5: CHG-4 | B5: ENC-4 | C5: 85025 | D5: 391.22
A6: CHG-5 | B6: ENC-5 | C6: 99203 | D6: 220.73
A7: CHG-6 | B7: ENC-6 | C7: 99203 | D7: 296.99
A8: CHG-7 | B8: ENC-7 | C8: 85025 | D8: 449.22
A9: CHG-8 | B9: ENC-8 | C9: 85025 | D9: 386.28
A10: CHG-9 | B10: ENC-9 | C10: 85025 | D10: 392.23
A11: CHG-10 | B11: ENC-10 | C11: 85025 | D11: 446.65
A12: CHG-11 | B12: ENC-11 | C12: 80053 | D12: 468.49
A13: CHG-12 | B13: ENC-12 | C13: 80053 | D13: 407.22
... A2767: CHG-2766 | B2767: ENC-2766 | C2767: 85025 | D2767: 280.85

Sheet InsuranceClaims
A1: ClaimID | B1: ChargeID | C1: InsuranceProvider | D1: AmountBilled | E1: AmountPaid | F1: Status
A2: CLM-1 | B2: CHG-1 | C2: Aetna | D2: 83.03 | E2: 73.8967 | F2: Paid
A3: CLM-2 | B3: CHG-2 | C3: Aetna | D3: 261.51 | E3: 185.6721 | F3: Paid
A4: CLM-3 | B4: CHG-4 | C4: Aetna | D4: 391.22 | E4: 301.2394 | F4: Paid
A5: CLM-4 | B5: CHG-5 | C5: Aetna | D5: 220.73 | E5: 183.2059 | F5: Paid
A6: CLM-5 | B6: CHG-6 | C6: Aetna | D6: 296.99 | E6: 240.5619 | F6: Paid
A7: CLM-6 | B7: CHG-7 | C7: Aetna | D7: 449.22 | E7: 368.3604 | F7: Paid
A8: CLM-7 | B8: CHG-8 | C8: Aetna | D8: 386.28 | E8: 281.9844 | F8: Paid
A9: CLM-8 | B9: CHG-9 | C9: Aetna | D9: 392.23 | E9: 294.1725 | F9: Paid
A10: CLM-9 | B10: CHG-10 | C10: Aetna | D10: 446.65 | E10: 366.253 | F10: Paid
A11: CLM-10 | B11: CHG-11 | C11: Aetna | D11: 468.49 | E11: 346.6826 | F11: Paid
A12: CLM-11 | B12: CHG-12 | C12: Aetna | D12: 407.22 | E12: 293.1984 | F12: Paid
A13: CLM-12 | B13: CHG-13 | C13: Aetna | D13: 494.82 | E13: 430.4934 | F13: Paid
... A2491: CLM-2490 | B2491: CHG-2766 | C2491: Aetna | D2491: 280.85 | E2491: 221.8715 | F2491: Paid

Sheet ProvidersMaster
A1: ProviderID | B1: FullName | C1: Specialty
A2: PROV-101 | B2: Dr. John Singh | C2: Gastroenterology
A3: PROV-102 | B3: Dr. Jennifer Singh | C3: Neurology
A4: PROV-103 | B4: Dr. Jennifer Smith | C4: Oncology
A5: PROV-104 | B5: Dr. James Singh | C5: Cardiology
A6: PROV-105 | B6: Dr. Linda Brown | C6: Gastroenterology
A7: PROV-106 | B7: Dr. Linda Jones | C7: Gastroenterology
A8: PROV-107 | B8: Dr. Linda Jones | C8: General Practice
A9: PROV-108 | B9: Dr. Michael Williams | C9: Cardiology
A10: PROV-109 | B10: Dr. Michael Patel | C10: Pediatrics
A11: PROV-110 | B11: Dr. Mary Smith | C11: Cardiology
A12: PROV-111 | B12: Dr. Aarav Patel | C12: Dermatology
... A31: PROV-130 | B31: Dr. John Garcia | C31: Cardiology

Sheet Revenue and payment
A3: Row Labels | B3: Sum of Charge Amount | C3: Sum of Claim Paid Amount | G3: REVENUE AND PAYMENT REALIZATION
A4: Cardiology | B4: 208759.03 | C4: 142945.08
A5: Dermatology | B5: 40417.72 | C5: 27987.005
A6: Gastroenterology | B6: 237355.94 | C6: 171179.37
A7: General Practice | B7: 50188.09 | C7: 36654.906
A8: Neurology | B8: 56152.12 | C8: 43159.276
A9: Oncology | B9: 51268.97 | C9: 37772.461
A10: Pediatrics | B10: 131414.53 | C10: 98299.902
A11: Grand Total | B11: 775556.4 | C11: 557998
G20: Insight: Identifies which specialties generate the highest billed amounts and their actual collection efficiency.

Sheet  Clinical&patient demographics
G2: CLINICAL & PATIENT DEMOGRAPHICS
A3: Count of EncounterID | B3: Column Labels
A4: Row Labels | B4: Pediatric | C4: Young Adult | D4: Grand Total
A5: Acute upper respiratory infection, unspecified | B5: 21 | C5: 542 | D5: 563
A6: Essential (primary) hypertension | B6: 23 | C6: 516 | D6: 539
A7: Gastro-esophageal reflux disease without esophagitis | B7: 13 | C7: 574 | D7: 587
A8: Low back pain | B8: 16 | C8: 502 | D8: 518
A9: Type 2 diabetes mellitus without complications | B9: 18 | C9: 541 | D9: 559
A10: Grand Total | B10: 91 | C10: 2675 | D10: 2766
G20: Insight: Reveals top medical conditions by age group to optimize clinical resource planning.

Sheet Monthly revenue &patient volume
A1: Row Labels | B1: Sum of Claim Paid Amount | C1: Count of EncounterID
A2: 2022-Aug | B2: 410.5038 | C2: 1
A3: 2022-Dec | B3: 213.7424 | C3: 1
A4: 2022-Feb | B4: 311.0738 | C4: 1
A5: 2022-Sep | B5: 310.8433 | C5: 1
A6: 2023-Jan | B6: 97.4149 | C6: 1
A7: 2023-Nov | B7: 92.684 | C7: 1
A8: 2024-Aug | B8: 165.1672 | C8: 1
A9: 2024-Jan | B9: 295.2956 | C9: 2
A10: 2024-Jul | B10: 43.9028 | C10: 1
A11: 2024-Jun | B11: 310.185 | C11: 1
A12: 2024-May | B12: 173.6802 | C12: 1
A13: 2024-Nov | B13: 124.2958 | C13: 1
... A28: Grand Total | B28: 5330.8845 | C28: 28

Sheet Revenue contribution
A1: Row Labels | B1: Sum of Claim Paid Amount
A2: High Cost | B2: 192705.5
A3: Standard | B3: 365292.5
A4: Grand Total | B4: 557998

Sheet Dashboard
B2: Healthcare Operation & Revenue Cycle Analytics Dashboard

Sheet Master Data
A1: EncounterID | B1: PatientID | C1: ProviderID | D1: FacilityID | E1: ClaimID | F1: EncounterDate | G1: EncounterType | H1: Age | I1: Age Category | J1: Provider Speciality | K1: Charge Amount | L1: Claim Paid Amount | M1: Primary Diagnosis | N1: Year Month | O1: Cost Bracket | P1: Visit Number | Q1: Total Provider Revenue
A2: ENC-1 | B2: PAT-1001 | C2: PROV-128 | D2: HOS-01 | E2: CLM-1 | F2: 2022-10-09 | G2: Telehealth | H2: =_xlfn.XLOOKUP('Master Data'!$B:$B,PatientsMaster!$A:$A,PatientsMaster!$F:$F) -> 18 | I2: =_xlfn.XLOOKUP('Master Data'!$B:$B,PatientsMaster!$A:$A,PatientsMaster!$G:$G) -> Pediatric | J2: =_xlfn.XLOOKUP($C:$C,ProvidersMaster!$A:$A,ProvidersMaster!$C:$C) -> Cardiology | K2: =_xlfn.XLOOKUP($A:$A,Charges!$B:$B,Charges!$D:$D) -> 83.03 | L2: =_xlfn.XLOOKUP($E:$E,InsuranceClaims!$A:$A,InsuranceClaims!$E:$E) -> 73.8967 | M2: =_xlfn.XLOOKUP($A:$A,Diagnoses!$B:$B,Diagnoses!$D:$D) -> Gastro-esophageal reflux disease without esophagitis | N2: =TEXT($F:$F,"yyyy-mmm") -> 2022-Oct | O2: =IF(K2>350,"High Cost","Standard") -> Standard | P2: =COUNTIF($B:$B,B2) -> 2 | Q2: =SUMIF($C:$C,C2,$L:$L) -> 16589.735
A3: ENC-2 | B3: PAT-1001 | C3: PROV-103 | D3: CLI-01 | E3: CLM-2 | F3: 2025-02-26 | G3: Office Visit | H3: =_xlfn.XLOOKUP('Master Data'!$B:$B,PatientsMaster!$A:$A,PatientsMaster!$F:$F) -> 18 | I3: =_xlfn.XLOOKUP('Master Data'!$B:$B,PatientsMaster!$A:$A,PatientsMaster!$G:$G) -> Pediatric | J3: =_xlfn.XLOOKUP($C:$C,ProvidersMaster!$A:$A,ProvidersMaster!$C:$C) -> Oncology | K3: =_xlfn.XLOOKUP($A:$A,Charges!$B:$B,Charges!$D:$D) -> 261.51 | L3: =_xlfn.XLOOKUP($E:$E,InsuranceClaims!$A:$A,InsuranceClaims!$E:$E) -> 185.6721 | M3: =_xlfn.XLOOKUP($A:$A,Diagnoses!$B:$B,Diagnoses!$D:$D) -> Essential (primary) hypertension | N3: =TEXT($F:$F,"yyyy-mmm") -> 2025-Feb | O3: =IF(K3>350,"High Cost","Standard") -> Standard | P3: =COUNTIF($B:$B,B3) -> 2 | Q3: =SUMIF($C:$C,C3,$L:$L) -> 16713.101
A4: ENC-3 | B4: PAT-1002 | C4: PROV-104 | D4: CLI-01 | E4: CLM-3 | F4: 2023-08-28 | G4: Office Visit | H4: =_xlfn.XLOOKUP('Master Data'!$B:$B,PatientsMaster!$A:$A,PatientsMaster!$F:$F) -> 22 | I4: =_xlfn.XLOOKUP('Master Data'!$B:$B,PatientsMaster!$A:$A,PatientsMaster!$G:$G) -> Young Adult | J4: =_xlfn.XLOOKUP($C:$C,ProvidersMaster!$A:$A,ProvidersMaster!$C:$C) -> Cardiology | K4: =_xlfn.XLOOKUP($A:$A,Charges!$B:$B,Charges!$D:$D) -> 361.28 | L4: =_xlfn.XLOOKUP($E:$E,InsuranceClaims!$A:$A,InsuranceClaims!$E:$E) -> 301.2394 | M4: =_xlfn.XLOOKUP($A:$A,Diagnoses!$B:$B,Diagnoses!$D:$D) -> Gastro-esophageal reflux disease without esophagitis | N4: =TEXT($F:$F,"yyyy-mmm") -> 2023-Aug | O4: =IF(K4>350,"High Cost","Standard") -> High Cost | P4: =COUNTIF($B:$B,B4) -> 3 | Q4: =SUMIF($C:$C,C4,$L:$L) -> 19482.341
A5: ENC-4 | B5: PAT-1002 | C5: PROV-113 | D5: HOS-01 | E5: CLM-4 | F5: 2026-02-17 | G5: Emergency | H5: =_xlfn.XLOOKUP('Master Data'!$B:$B,PatientsMaster!$A:$A,PatientsMaster!$F:$F) -> 22 | I5: =_xlfn.XLOOKUP('Master Data'!$B:$B,PatientsMaster!$A:$A,PatientsMaster!$G:$G) -> Young Adult | J5: =_xlfn.XLOOKUP($C:$C,ProvidersMaster!$A:$A,ProvidersMaster!$C:$C) -> Gastroenterology | K5: =_xlfn.XLOOKUP($A:$A,Charges!$B:$B,Charges!$D:$D) -> 391.22 | L5: =_xlfn.XLOOKUP($E:$E,InsuranceClaims!$A:$A,InsuranceClaims!$E:$E) -> 183.2059 | M5: =_xlfn.XLOOKUP($A:$A,Diagnoses!$B:$B,Diagnoses!$D:$D) -> Low back pain | N5: =TEXT($F:$F,"yyyy-mmm") -> 2026-Feb | O5: =IF(K5>350,"High Cost","Standard") -> High Cost | P5: =COUNTIF($B:$B,B5) -> 3 | Q5: =SUMIF($C:$C,C5,$L:$L) -> 18930.287
A6: ENC-5 | B6: PAT-1002 | C6: PROV-109 | D6: HOS-01 | E6: CLM-5 | F6: 2022-12-08 | G6: Hospital Admission | H6: =_xlfn.XLOOKUP('Master Data'!$B:$B,PatientsMaster!$A:$A,PatientsMaster!$F:$F) -> 22 | I6: =_xlfn.XLOOKUP('Master Data'!$B:$B,PatientsMaster!$A:$A,PatientsMaster!$G:$G) -> Young Adult | J6: =_xlfn.XLOOKUP($C:$C,ProvidersMaster!$A:$A,ProvidersMaster!$C:$C) -> Pediatrics | K6: =_xlfn.XLOOKUP($A:$A,Charges!$B:$B,Charges!$D:$D) -> 220.73 | L6: =_xlfn.XLOOKUP($E:$E,InsuranceClaims!$A:$A,InsuranceClaims!$E:$E) -> 240.5619 | M6: =_xlfn.XLOOKUP($A:$A,Diagnoses!$B:$B,Diagnoses!$D:$D) -> Type 2 diabetes mellitus without complications | N6: =TEXT($F:$F,"yyyy-mmm") -> 2022-Dec | O6: =IF(K6>350,"High Cost","Standard") -> Standard | P6: =COUNTIF($B:$B,B6) -> 3 | Q6: =SUMIF($C:$C,C6,$L:$L) -> 19656.944
A7: ENC-6 | B7: PAT-1003 | C7: PROV-124 | D7: CLI-01 | E7: CLM-6 | F7: 2024-03-23 | G7: Emergency | H7: =_xlfn.XLOOKUP('Master Data'!$B:$B,PatientsMaster!$A:$A,PatientsMaster!$F:$F) -> 85 | I7: =_xlfn.XLOOKUP('Master Data'!$B:$B,PatientsMaster!$A:$A,PatientsMaster!$G:$G) -> Young Adult | J7: =_xlfn.XLOOKUP($C:$C,ProvidersMaster!$A:$A,ProvidersMaster!$C:$C) -> Pediatrics | K7: =_xlfn.XLOOKUP($A:$A,Charges!$B:$B,Charges!$D:$D) -> 296.99 | L7: =_xlfn.XLOOKUP($E:$E,InsuranceClaims!$A:$A,InsuranceClaims!$E:$E) -> 368.3604 | M7: =_xlfn.XLOOKUP($A:$A,Diagnoses!$B:$B,Diagnoses!$D:$D) -> Type 2 diabetes mellitus without complications | N7: =TEXT($F:$F,"yyyy-mmm") -> 2024-Mar | O7: =IF(K7>350,"High Cost","Standard") -> Standard | P7: =COUNTIF($B:$B,B7) -> 10 | Q7: =SUMIF($C:$C,C7,$L:$L) -> 19337.124
A8: ENC-7 | B8: PAT-1003 | C8: PROV-126 | D8: CLI-01 | E8: CLM-7 | F8: 2023-06-09 | G8: Emergency | H8: =_xlfn.XLOOKUP('Master Data'!$B:$B,PatientsMaster!$A:$A,PatientsMaster!$F:$F) -> 85 | I8: =_xlfn.XLOOKUP('Master Data'!$B:$B,PatientsMaster!$A:$A,PatientsMaster!$G:$G) -> Young Adult | J8: =_xlfn.XLOOKUP($C:$C,ProvidersMaster!$A:$A,ProvidersMaster!$C:$C) -> Gastroenterology | K8: =_xlfn.XLOOKUP($A:$A,Charges!$B:$B,Charges!$D:$D) -> 449.22 | L8: =_xlfn.XLOOKUP($E:$E,InsuranceClaims!$A:$A,InsuranceClaims!$E:$E) -> 281.9844 | M8: =_xlfn.XLOOKUP($A:$A,Diagnoses!$B:$B,Diagnoses!$D:$D) -> Gastro-esophageal reflux disease without esophagitis | N8: =TEXT($F:$F,"yyyy-mmm") -> 2023-Jun | O8: =IF(K8>350,"High Cost","Standard") -> High Cost | P8: =COUNTIF($B:$B,B8) -> 10 | Q8: =SUMIF($C:$C,C8,$L:$L) -> 20345.553
A9: ENC-8 | B9: PAT-1003 | C9: PROV-126 | D9: CLI-01 | E9: CLM-8 | F9: 2022-01-01 | G9: Office Visit | H9: =_xlfn.XLOOKUP('Master Data'!$B:$B,PatientsMaster!$A:$A,PatientsMaster!$F:$F) -> 85 | I9: =_xlfn.XLOOKUP('Master Data'!$B:$B,PatientsMaster!$A:$A,PatientsMaster!$G:$G) -> Young Adult | J9: =_xlfn.XLOOKUP($C:$C,ProvidersMaster!$A:$A,ProvidersMaster!$C:$C) -> Gastroenterology | K9: =_xlfn.XLOOKUP($A:$A,Charges!$B:$B,Charges!$D:$D) -> 386.28 | L9: =_xlfn.XLOOKUP($E:$E,InsuranceClaims!$A:$A,InsuranceClaims!$E:$E) -> 294.1725 | M9: =_xlfn.XLOOKUP($A:$A,Diagnoses!$B:$B,Diagnoses!$D:$D) -> Acute upper respiratory infection, unspecified | N9: =TEXT($F:$F,"yyyy-mmm") -> 2022-Jan | O9: =IF(K9>350,"High Cost","Standard") -> High Cost | P9: =COUNTIF($B:$B,B9) -> 10 | Q9: =SUMIF($C:$C,C9,$L:$L) -> 20345.553
A10: ENC-9 | B10: PAT-1003 | C10: PROV-113 | D10: HOS-01 | E10: CLM-9 | F10: 2023-03-07 | G10: Office Visit | H10: =_xlfn.XLOOKUP('Master Data'!$B:$B,PatientsMaster!$A:$A,PatientsMaster!$F:$F) -> 85 | I10: =_xlfn.XLOOKUP('Master Data'!$B:$B,PatientsMaster!$A:$A,PatientsMaster!$G:$G) -> Young Adult | J10: =_xlfn.XLOOKUP($C:$C,ProvidersMaster!$A:$A,ProvidersMaster!$C:$C) -> Gastroenterology | K10: =_xlfn.XLOOKUP($A:$A,Charges!$B:$B,Charges!$D:$D) -> 392.23 | L10: =_xlfn.XLOOKUP($E:$E,InsuranceClaims!$A:$A,InsuranceClaims!$E:$E) -> 366.253 | M10: =_xlfn.XLOOKUP($A:$A,Diagnoses!$B:$B,Diagnoses!$D:$D) -> Gastro-esophageal reflux disease without esophagitis | N10: =TEXT($F:$F,"yyyy-mmm") -> 2023-Mar | O10: =IF(K10>350,"High Cost","Standard") -> High Cost | P10: =COUNTIF($B:$B,B10) -> 10 | Q10: =SUMIF($C:$C,C10,$L:$L) -> 18930.287
A11: ENC-10 | B11: PAT-1003 | C11: PROV-122 | D11: CLI-01 | E11: CLM-10 | F11: 2023-05-19 | G11: Emergency | H11: =_xlfn.XLOOKUP('Master Data'!$B:$B,PatientsMaster!$A:$A,PatientsMaster!$F:$F) -> 85 | I11: =_xlfn.XLOOKUP('Master Data'!$B:$B,PatientsMaster!$A:$A,PatientsMaster!$G:$G) -> Young Adult | J11: =_xlfn.XLOOKUP($C:$C,ProvidersMaster!$A:$A,ProvidersMaster!$C:$C) -> Cardiology | K11: =_xlfn.XLOOKUP($A:$A,Charges!$B:$B,Charges!$D:$D) -> 446.65 | L11: =_xlfn.XLOOKUP($E:$E,InsuranceClaims!$A:$A,InsuranceClaims!$E:$E) -> 346.6826 | M11: =_xlfn.XLOOKUP($A:$A,Diagnoses!$B:$B,Diagnoses!$D:$D) -> Acute upper respiratory infection, unspecified | N11: =TEXT($F:$F,"yyyy-mmm") -> 2023-May | O11: =IF(K11>350,"High Cost","Standard") -> High Cost | P11: =COUNTIF($B:$B,B11) -> 10 | Q11: =SUMIF($C:$C,C11,$L:$L) -> 19335.335
A12: ENC-11 | B12: PAT-1003 | C12: PROV-113 | D12: HOS-01 | E12: CLM-11 | F12: 2024-09-07 | G12: Telehealth | H12: =_xlfn.XLOOKUP('Master Data'!$B:$B,PatientsMaster!$A:$A,PatientsMaster!$F:$F) -> 85 | I12: =_xlfn.XLOOKUP('Master Data'!$B:$B,PatientsMaster!$A:$A,PatientsMaster!$G:$G) -> Young Adult | J12: =_xlfn.XLOOKUP($C:$C,ProvidersMaster!$A:$A,ProvidersMaster!$C:$C) -> Gastroenterology | K12: =_xlfn.XLOOKUP($A:$A,Charges!$B:$B,Charges!$D:$D) -> 468.49 | L12: =_xlfn.XLOOKUP($E:$E,InsuranceClaims!$A:$A,InsuranceClaims!$E:$E) -> 293.1984 | M12: =_xlfn.XLOOKUP($A:$A,Diagnoses!$B:$B,Diagnoses!$D:$D) -> Acute upper respiratory infection, unspecified | N12: =TEXT($F:$F,"yyyy-mmm") -> 2024-Sep | O12: =IF(K12>350,"High Cost","Standard") -> High Cost | P12: =COUNTIF($B:$B,B12) -> 10 | Q12: =SUMIF($C:$C,C12,$L:$L) -> 18930.287
A13: ENC-12 | B13: PAT-1003 | C13: PROV-124 | D13: CLI-01 | E13: CLM-12 | F13: 2024-10-28 | G13: Emergency | H13: =_xlfn.XLOOKUP('Master Data'!$B:$B,PatientsMaster!$A:$A,PatientsMaster!$F:$F) -> 85 | I13: =_xlfn.XLOOKUP('Master Data'!$B:$B,PatientsMaster!$A:$A,PatientsMaster!$G:$G) -> Young Adult | J13: =_xlfn.XLOOKUP($C:$C,ProvidersMaster!$A:$A,ProvidersMaster!$C:$C) -> Pediatrics | K13: =_xlfn.XLOOKUP($A:$A,Charges!$B:$B,Charges!$D:$D) -> 407.22 | L13: =_xlfn.XLOOKUP($E:$E,InsuranceClaims!$A:$A,InsuranceClaims!$E:$E) -> 430.4934 | M13: =_xlfn.XLOOKUP($A:$A,Diagnoses!$B:$B,Diagnoses!$D:$D) -> Type 2 diabetes mellitus without complications | N13: =TEXT($F:$F,"yyyy-mmm") -> 2024-Oct | O13: =IF(K13>350,"High Cost","Standard") -> High Cost | P13: =COUNTIF($B:$B,B13) -> 10 | Q13: =SUMIF($C:$C,C13,$L:$L) -> 19337.124
... A2491: ENC-2490 | B2491: PAT-1452 | C2491: PROV-107 | D2491: HOS-01 | E2491: CLM-2490 | F2491: 2025-09-05 | G2491: Hospital Admission | H2491: =_xlfn.XLOOKUP('Master Data'!$B:$B,PatientsMaster!$A:$A,PatientsMaster!$F:$F) -> 74 | I2491: =_xlfn.XLOOKUP('Master Data'!$B:$B,PatientsMaster!$A:$A,PatientsMaster!$G:$G) -> Young Adult | J2491: =_xlfn.XLOOKUP($C:$C,ProvidersMaster!$A:$A,ProvidersMaster!$C:$C) -> General Practice | K2491: =_xlfn.XLOOKUP($A:$A,Charges!$B:$B,Charges!$D:$D) -> 447.65 | L2491: =_xlfn.XLOOKUP($E:$E,InsuranceClaims!$A:$A,InsuranceClaims!$E:$E) -> 221.8715 | M2491: =_xlfn.XLOOKUP($A:$A,Diagnoses!$B:$B,Diagnoses!$D:$D) -> Essential (primary) hypertension | N2491: =TEXT($F:$F,"yyyy-mmm") -> 2025-Sep | O2491: =IF(K2491>350,"High Cost","Standard") -> High Cost | P2491: =COUNTIF($B:$B,B2491) -> 8 | Q2491: =SUMIF($C:$C,C2491,$L:$L) -> 16195.45
A2492: ENC-2491 | B2492: PAT-1452 | C2492: PROV-106 | D2492: CLI-01 | F2492: 2023-11-03 | G2492: Hospital Admission | H2492: =_xlfn.XLOOKUP('Master Data'!$B:$B,PatientsMaster!$A:$A,PatientsMaster!$F:$F) -> 74 | I2492: =_xlfn.XLOOKUP('Master Data'!$B:$B,PatientsMaster!$A:$A,PatientsMaster!$G:$G) -> Young Adult | J2492: =_xlfn.XLOOKUP($C:$C,ProvidersMaster!$A:$A,ProvidersMaster!$C:$C) -> Gastroenterology | K2492: =_xlfn.XLOOKUP($A:$A,Charges!$B:$B,Charges!$D:$D) -> 487.96 | L2492: =_xlfn.XLOOKUP($E:$E,InsuranceClaims!$A:$A,InsuranceClaims!$E:$E) -> 0 | M2492: =_xlfn.XLOOKUP($A:$A,Diagnoses!$B:$B,Diagnoses!$D:$D) -> Acute upper respiratory infection, unspecified | N2492: =TEXT($F:$F,"yyyy-mmm") -> 2023-Nov | O2492: =IF(K2492>350,"High Cost","Standard") -> High Cost | P2492: =COUNTIF($B:$B,B2492) -> 8 | Q2492: =SUMIF($C:$C,C2492,$L:$L) -> 13711.559
A2493: ENC-2492 | B2493: PAT-1452 | C2493: PROV-112 | D2493: CLI-01 | F2493: 2023-09-21 | G2493: Office Visit | H2493: =_xlfn.XLOOKUP('Master Data'!$B:$B,PatientsMaster!$A:$A,PatientsMaster!$F:$F) -> 74 | I2493: =_xlfn.XLOOKUP('Master Data'!$B:$B,PatientsMaster!$A:$A,PatientsMaster!$G:$G) -> Young Adult | J2493: =_xlfn.XLOOKUP($C:$C,ProvidersMaster!$A:$A,ProvidersMaster!$C:$C) -> Cardiology | K2493: =_xlfn.XLOOKUP($A:$A,Charges!$B:$B,Charges!$D:$D) -> 267.29 | L2493: =_xlfn.XLOOKUP($E:$E,InsuranceClaims!$A:$A,InsuranceClaims!$E:$E) -> 0 | M2493: =_xlfn.XLOOKUP($A:$A,Diagnoses!$B:$B,Diagnoses!$D:$D) -> Gastro-esophageal reflux disease without esophagitis | N2493: =TEXT($F:$F,"yyyy-mmm") -> 2023-Sep | O2493: =IF(K2493>350,"High Cost","Standard") -> Standard | P2493: =COUNTIF($B:$B,B2493) -> 8 | Q2493: =SUMIF($C:$C,C2493,$L:$L) -> 20392.787
A2494: ENC-2493 | B2494: PAT-1452 | C2494: PROV-115 | D2494: CLI-01 | F2494: 2023-09-07 | G2494: Office Visit | H2494: =_xlfn.XLOOKUP('Master Data'!$B:$B,PatientsMaster!$A:$A,PatientsMaster!$F:$F) -> 74 | I2494: =_xlfn.XLOOKUP('Master Data'!$B:$B,PatientsMaster!$A:$A,PatientsMaster!$G:$G) -> Young Adult | J2494: =_xlfn.XLOOKUP($C:$C,ProvidersMaster!$A:$A,ProvidersMaster!$C:$C) -> Oncology | K2494: =_xlfn.XLOOKUP($A:$A,Charges!$B:$B,Charges!$D:$D) -> 158.41 | L2494: =_xlfn.XLOOKUP($E:$E,InsuranceClaims!$A:$A,InsuranceClaims!$E:$E) -> 0 | M2494: =_xlfn.XLOOKUP($A:$A,Diagnoses!$B:$B,Diagnoses!$D:$D) -> Low back pain | N2494: =TEXT($F:$F,"yyyy-mmm") -> 2023-Sep | O2494: =IF(K2494>350,"High Cost","Standard") -> Standard | P2494: =COUNTIF($B:$B,B2494) -> 8 | Q2494: =SUMIF($C:$C,C2494,$L:$L) -> 21059.359
A2495: ENC-2494 | B2495: PAT-1452 | C2495: PROV-124 | D2495: CLI-01 | F2495: 2024-12-09 | G2495: Emergency | H2495: =_xlfn.XLOOKUP('Master Data'!$B:$B,PatientsMaster!$A:$A,PatientsMaster!$F:$F) -> 74 | I2495: =_xlfn.XLOOKUP('Master Data'!$B:$B,PatientsMaster!$A:$A,PatientsMaster!$G:$G) -> Young Adult | J2495: =_xlfn.XLOOKUP($C:$C,ProvidersMaster!$A:$A,ProvidersMaster!$C:$C) -> Pediatrics | K2495: =_xlfn.XLOOKUP($A:$A,Charges!$B:$B,Charges!$D:$D) -> 441.32 | L2495: =_xlfn.XLOOKUP($E:$E,InsuranceClaims!$A:$A,InsuranceClaims!$E:$E) -> 0 | M2495: =_xlfn.XLOOKUP($A:$A,Diagnoses!$B:$B,Diagnoses!$D:$D) -> Low back pain | N2495: =TEXT($F:$F,"yyyy-mmm") -> 2024-Dec | O2495: =IF(K2495>350,"High Cost","Standard") -> High Cost | P2495: =COUNTIF($B:$B,B2495) -> 8 | Q2495: =SUMIF($C:$C,C2495,$L:$L) -> 19337.124
A2496: ENC-2495 | B2496: PAT-1453 | C2496: PROV-124 | D2496: CLI-01 | F2496: 2023-03-15 | G2496: Hospital Admission | H2496: =_xlfn.XLOOKUP('Master Data'!$B:$B,PatientsMaster!$A:$A,PatientsMaster!$F:$F) -> 72 | I2496: =_xlfn.XLOOKUP('Master Data'!$B:$B,PatientsMaster!$A:$A,PatientsMaster!$G:$G) -> Young Adult | J2496: =_xlfn.XLOOKUP($C:$C,ProvidersMaster!$A:$A,ProvidersMaster!$C:$C) -> Pediatrics | K2496: =_xlfn.XLOOKUP($A:$A,Charges!$B:$B,Charges!$D:$D) -> 371.59 | L2496: =_xlfn.XLOOKUP($E:$E,InsuranceClaims!$A:$A,InsuranceClaims!$E:$E) -> 0 | M2496: =_xlfn.XLOOKUP($A:$A,Diagnoses!$B:$B,Diagnoses!$D:$D) -> Essential (primary) hypertension | N2496: =TEXT($F:$F,"yyyy-mmm") -> 2023-Mar | O2496: =IF(K2496>350,"High Cost","Standard") -> High Cost | P2496: =COUNTIF($B:$B,B2496) -> 4 | Q2496: =SUMIF($C:$C,C2496,$L:$L) -> 19337.124
A2497: ENC-2496 | B2497: PAT-1453 | C2497: PROV-121 | D2497: HOS-01 | F2497: 2024-11-09 | G2497: Telehealth | H2497: =_xlfn.XLOOKUP('Master Data'!$B:$B,PatientsMaster!$A:$A,PatientsMaster!$F:$F) -> 72 | I2497: =_xlfn.XLOOKUP('Master Data'!$B:$B,PatientsMaster!$A:$A,PatientsMaster!$G:$G) -> Young Adult | J2497: =_xlfn.XLOOKUP($C:$C,ProvidersMaster!$A:$A,ProvidersMaster!$C:$C) -> Gastroenterology | K2497: =_xlfn.XLOOKUP($A:$A,Charges!$B:$B,Charges!$D:$D) -> 163.99 | L2497: =_xlfn.XLOOKUP($E:$E,InsuranceClaims!$A:$A,InsuranceClaims!$E:$E) -> 0 | M2497: =_xlfn.XLOOKUP($A:$A,Diagnoses!$B:$B,Diagnoses!$D:$D) -> Essential (primary) hypertension | N2497: =TEXT($F:$F,"yyyy-mmm") -> 2024-Nov | O2497: =IF(K2497>350,"High Cost","Standard") -> Standard | P2497: =COUNTIF($B:$B,B2497) -> 4 | Q2497: =SUMIF($C:$C,C2497,$L:$L) -> 19110.716
A2498: ENC-2497 | B2498: PAT-1453 | C2498: PROV-114 | D2498: HOS-01 | F2498: 2024-09-04 | G2498: Office Visit | H2498: =_xlfn.XLOOKUP('Master Data'!$B:$B,PatientsMaster!$A:$A,PatientsMaster!$F:$F) -> 72 | I2498: =_xlfn.XLOOKUP('Master Data'!$B:$B,PatientsMaster!$A:$A,PatientsMaster!$G:$G) -> Young Adult | J2498: =_xlfn.XLOOKUP($C:$C,ProvidersMaster!$A:$A,ProvidersMaster!$C:$C) -> Gastroenterology | K2498: =_xlfn.XLOOKUP($A:$A,Charges!$B:$B,Charges!$D:$D) -> 347.16 | L2498: =_xlfn.XLOOKUP($E:$E,InsuranceClaims!$A:$A,InsuranceClaims!$E:$E) -> 0 | M2498: =_xlfn.XLOOKUP($A:$A,Diagnoses!$B:$B,Diagnoses!$D:$D) -> Gastro-esophageal reflux disease without esophagitis | N2498: =TEXT($F:$F,"yyyy-mmm") -> 2024-Sep | O2498: =IF(K2498>350,"High Cost","Standard") -> Standard | P2498: =COUNTIF($B:$B,B2498) -> 4 | Q2498: =SUMIF($C:$C,C2498,$L:$L) -> 19674.321
A2499: ENC-2498 | B2499: PAT-1453 | C2499: PROV-113 | D2499: CLI-01 | F2499: 2023-02-26 | G2499: Office Visit | H2499: =_xlfn.XLOOKUP('Master Data'!$B:$B,PatientsMaster!$A:$A,PatientsMaster!$F:$F) -> 72 | I2499: =_xlfn.XLOOKUP('Master Data'!$B:$B,PatientsMaster!$A:$A,PatientsMaster!$G:$G) -> Young Adult | J2499: =_xlfn.XLOOKUP($C:$C,ProvidersMaster!$A:$A,ProvidersMaster!$C:$C) -> Gastroenterology | K2499: =_xlfn.XLOOKUP($A:$A,Charges!$B:$B,Charges!$D:$D) -> 464.27 | L2499: =_xlfn.XLOOKUP($E:$E,InsuranceClaims!$A:$A,InsuranceClaims!$E:$E) -> 0 | M2499: =_xlfn.XLOOKUP($A:$A,Diagnoses!$B:$B,Diagnoses!$D:$D) -> Acute upper respiratory infection, unspecified | N2499: =TEXT($F:$F,"yyyy-mmm") -> 2023-Feb | O2499: =IF(K2499>350,"High Cost","Standard") -> High Cost | P2499: =COUNTIF($B:$B,B2499) -> 4 | Q2499: =SUMIF($C:$C,C2499,$L:$L) -> 18930.287
A2500: ENC-2499 | B2500: PAT-1454 | C2500: PROV-120 | D2500: HOS-01 | F2500: 2022-06-24 | G2500: Telehealth | H2500: =_xlfn.XLOOKUP('Master Data'!$B:$B,PatientsMaster!$A:$A,PatientsMaster!$F:$F) -> 54 | I2500: =_xlfn.XLOOKUP('Master Data'!$B:$B,PatientsMaster!$A:$A,PatientsMaster!$G:$G) -> Young Adult | J2500: =_xlfn.XLOOKUP($C:$C,ProvidersMaster!$A:$A,ProvidersMaster!$C:$C) -> General Practice | K2500: =_xlfn.XLOOKUP($A:$A,Charges!$B:$B,Charges!$D:$D) -> 264.95 | L2500: =_xlfn.XLOOKUP($E:$E,InsuranceClaims!$A:$A,InsuranceClaims!$E:$E) -> 0 | M2500: =_xlfn.XLOOKUP($A:$A,Diagnoses!$B:$B,Diagnoses!$D:$D) -> Type 2 diabetes mellitus without complications | N2500: =TEXT($F:$F,"yyyy-mmm") -> 2022-Jun | O2500: =IF(K2500>350,"High Cost","Standard") -> Standard | P2500: =COUNTIF($B:$B,B2500) -> 1 | Q2500: =SUMIF($C:$C,C2500,$L:$L) -> 20459.457
A2501: ENC-2500 | B2501: PAT-1455 | C2501: PROV-110 | D2501: CLI-01 | F2501: 2025-11-10 | G2501: Office Visit | H2501: =_xlfn.XLOOKUP('Master Data'!$B:$B,PatientsMaster!$A:$A,PatientsMaster!$F:$F) -> 36 | I2501: =_xlfn.XLOOKUP('Master Data'!$B:$B,PatientsMaster!$A:$A,PatientsMaster!$G:$G) -> Young Adult | J2501: =_xlfn.XLOOKUP($C:$C,ProvidersMaster!$A:$A,ProvidersMaster!$C:$C) -> Cardiology | K2501: =_xlfn.XLOOKUP($A:$A,Charges!$B:$B,Charges!$D:$D) -> 346.19 | L2501: =_xlfn.XLOOKUP($E:$E,InsuranceClaims!$A:$A,InsuranceClaims!$E:$E) -> 0 | M2501: =_xlfn.XLOOKUP($A:$A,Diagnoses!$B:$B,Diagnoses!$D:$D) -> Acute upper respiratory infection, unspecified | N2501: =TEXT($F:$F,"yyyy-mmm") -> 2025-Nov | O2501: =IF(K2501>350,"High Cost","Standard") -> Standard | P2501: =COUNTIF($B:$B,B2501) -> 2 | Q2501: =SUMIF($C:$C,C2501,$L:$L) -> 17205.857
A2502: ENC-2501 | B2502: PAT-1455 | C2502: PROV-126 | D2502: HOS-01 | F2502: 2024-10-19 | G2502: Emergency | H2502: =_xlfn.XLOOKUP('Master Data'!$B:$B,PatientsMaster!$A:$A,PatientsMaster!$F:$F) -> 36 | I2502: =_xlfn.XLOOKUP('Master Data'!$B:$B,PatientsMaster!$A:$A,PatientsMaster!$G:$G) -> Young Adult | J2502: =_xlfn.XLOOKUP($C:$C,ProvidersMaster!$A:$A,ProvidersMaster!$C:$C) -> Gastroenterology | K2502: =_xlfn.XLOOKUP($A:$A,Charges!$B:$B,Charges!$D:$D) -> 304.45 | L2502: =_xlfn.XLOOKUP($E:$E,InsuranceClaims!$A:$A,InsuranceClaims!$E:$E) -> 0 | M2502: =_xlfn.XLOOKUP($A:$A,Diagnoses!$B:$B,Diagnoses!$D:$D) -> Low back pain | N2502: =TEXT($F:$F,"yyyy-mmm") -> 2024-Oct | O2502: =IF(K2502>350,"High Cost","Standard") -> Standard | P2502: =COUNTIF($B:$B,B2502) -> 2 | Q2502: =SUMIF($C:$C,C2502,$L:$L) -> 20345.553
A2503: ENC-2502 | B2503: PAT-1456 | C2503: PROV-129 | D2503: HOS-01 | F2503: 2022-09-01 | G2503: Telehealth | H2503: =_xlfn.XLOOKUP('Master Data'!$B:$B,PatientsMaster!$A:$A,PatientsMaster!$F:$F) -> 22 | I2503: =_xlfn.XLOOKUP('Master Data'!$B:$B,PatientsMaster!$A:$A,PatientsMaster!$G:$G) -> Young Adult | J2503: =_xlfn.XLOOKUP($C:$C,ProvidersMaster!$A:$A,ProvidersMaster!$C:$C) -> Cardiology | K2503: =_xlfn.XLOOKUP($A:$A,Charges!$B:$B,Charges!$D:$D) -> 492.44 | L2503: =_xlfn.XLOOKUP($E:$E,InsuranceClaims!$A:$A,InsuranceClaims!$E:$E) -> 0 | M2503: =_xlfn.XLOOKUP($A:$A,Diagnoses!$B:$B,Diagnoses!$D:$D) -> Essential (primary) hypertension | N2503: =TEXT($F:$F,"yyyy-mmm") -> 2022-Sep | O2503: =IF(K2503>350,"High Cost","Standard") -> High Cost | P2503: =COUNTIF($B:$B,B2503) -> 2 | Q2503: =SUMIF($C:$C,C2503,$L:$L) -> 16325.45
... A2767: ENC-2766 | B2767: PAT-1500 | C2767: PROV-123 | D2767: CLI-01 | F2767: 2026-01-04 | G2767: Emergency | H2767: =_xlfn.XLOOKUP('Master Data'!$B:$B,PatientsMaster!$A:$A,PatientsMaster!$F:$F) -> 60 | I2767: =_xlfn.XLOOKUP('Master Data'!$B:$B,PatientsMaster!$A:$A,PatientsMaster!$G:$G) -> Young Adult | J2767: =_xlfn.XLOOKUP($C:$C,ProvidersMaster!$A:$A,ProvidersMaster!$C:$C) -> Pediatrics | K2767: =_xlfn.XLOOKUP($A:$A,Charges!$B:$B,Charges!$D:$D) -> 280.85 | L2767: =_xlfn.XLOOKUP($E:$E,InsuranceClaims!$A:$A,InsuranceClaims!$E:$E) -> 0 | M2767: =_xlfn.XLOOKUP($A:$A,Diagnoses!$B:$B,Diagnoses!$D:$D) -> Type 2 diabetes mellitus without complications | N2767: =TEXT($F:$F,"yyyy-mmm") -> 2026-Jan | O2767: =IF(K2767>350,"High Cost","Standard") -> Standard | P2767: =COUNTIF($B:$B,B2767) -> 1 | Q2767: =SUMIF($C:$C,C2767,$L:$L) -> 15966.304
